number,Sample,Collection_Date,BarcodeSequence,depth_num,depth,depth_cm,Triangle,Latitude,Longitude,County,Location,Adaptive_Score,Practice,Location_Depth,Biomass,Depth_Practice,Soil_Texture,percent_clay,percent_sand,percent_silt,percent_silt_clay,pH,bulk_density,total_c,maom_c,pom_c,total_n,maom_n,pom_n,c_n_ratio,Richness_16s,Evenness_16s,Shannons_16s,Richness_ITS,Evenness_ITS,Shannons_ITS,PC1,PC2,NMDS1,NMDS2,FB_Ratio,mean_annual_temp,annual_high_temp,annual_low_temp,mean_precip_day,mean_annual_precip,radiation,PET_mm_day,PET_mm_year,aridity ,vip_sum_16S_maoc_relab,vip_mean_16S_maoc_relab,vip_sum_ITS_maoc_relab,vip_mean_ITS_maoc_relab
2353,WYCO_0923_05_PR_D1_B_C05_XT,9/11/23,GTTCATTAAACT,1,D1,0-15,5,43.927,-104.4723,"Weston County, WY",Site 5,10,Conventional,Site 5_D1,2402.777778,D1_Conventional,Sandy Loam,13.92828685,71.47410359,14.59760956,28.52589641,6.89,1.434020448,11.95927661,6.869296862,3.76029937,1.09851,0.855433173,0.296455539,10.88681634,906,0.144615789,5.733427826,170,0.188628342,4.227224011,0.972248381,-3.401981949,0.069394452,-0.296096083,1.359343916,9.615068493,16.75830137,3.559452055,1.341671233,489.71,16.1059726,3.689539486,1346.681912,0.363641923,0.00053904,0.0000245,0,0
2354,WYCO_0923_05_PR_D2_B_C05_XT,9/11/23,GTGCCGGCCGAC,2,D2,15-30,5,43.927,-104.4723,"Weston County, WY",Site 5,10,Conventional,Site 5_D2,472.5806452,D2_Conventional,Sandy Loam,14.46092184,70.11623246,15.42284569,29.88376753,6.83,1.474234465,4.957999133,3.713003972,1.36048843,0.54396,0.518831304,0.098005091,9.114639188,814,0.148458149,6.051583303,80,0.21698802,3.528953876,-2.058577692,-2.945954762,0.204270651,-0.026804131,1.045989469,9.615068493,16.75830137,3.559452055,1.341671233,489.71,16.1059726,3.689539486,1346.681912,0.363641923,0.00069305,0.0000315,0,0
2355,WYCO_0923_05_PR_D3_B_C05_XT,9/11/23,CCTTGACCGATG,3,D3,30-50,5,43.927,-104.4723,"Weston County, WY",Site 5,10,Conventional,Site 5_D3,48.37209302,D3_Conventional,Sandy Loam,9.426853707,84.86573146,5.70741483,15.13426854,6.57,NA,4.770832698,2.746722594,1.518370623,0.535329,0.34788,0.18190329,8.911963854,762,0.15014225,6.121840351,17,0.314328987,2.492491731,-1.80669287,-4.579702401,0.441518052,-0.018541627,0.025963938,9.615068493,16.75830137,3.559452055,1.341671233,489.71,16.1059726,3.689539486,1346.681912,0.363641923,0,0,0.23497268,0.01068058
2357,WYCO_0923_05_PR_D1_B_C01_XT,9/11/23,CTACAGGGTCTC,1,D1,0-15,1,43.927,-104.4723,"Weston County, WY",Site 5,10,Conventional,Site 5_D1,232.9787234,D1_Conventional,Sandy Clay Loam,22.51497006,58.00399202,19.48103792,41.99600798,6.85,1.333912091,13.62375798,8.940172428,4.896123276,1.49449,1.214364605,0.325920071,9.115991394,720,0.1508707,5.808972189,102,0.200149483,3.36685196,1.203084585,-2.215067059,0.137797804,-0.090426161,1.012858397,9.615068493,16.75830137,3.559452055,1.341671233,489.71,16.1059726,3.689539486,1346.681912,0.363641923,0.00346527,0.00015751,0,0
2358,WYCO_0923_05_PR_D2_B_C01_XT,9/11/23,CTTGGAGGCTTA,2,D2,15-30,1,43.927,-104.4723,"Weston County, WY",Site 5,10,Conventional,Site 5_D2,622.0930233,D2_Conventional,Sandy Loam,18.816,58.368,22.816,41.632,7.2,1.420271448,7.850856761,5.270445857,1.097127506,0.782661,0.682406335,0.090494702,10.0309799,982,0.144520274,6.215238288,55,0.235464175,3.294730269,-1.387505411,-1.847946376,0.30798613,-0.068368013,0.557643741,9.615068493,16.75830137,3.559452055,1.341671233,489.71,16.1059726,3.689539486,1346.681912,0.363641923,0,0,0,0
2359,WYCO_0923_05_PR_D3_B_C01_XT,9/11/23,TATCATATTACG,3,D3,30-50,1,43.927,-104.4723,"Weston County, WY",Site 5,10,Conventional,Site 5_D3,425,D3_Conventional,Sandy Loam,18.688,56,25.312,44,7.54,1.446365458,4.605591322,4.557226773,0.839284583,0.57731,0.685082996,0.109700752,7.977674598,763,0.150019327,6.030980874,46,0.238425182,2.892437169,-2.864422537,-1.175663851,0.343743365,-0.08433052,0.663280883,9.615068493,16.75830137,3.559452055,1.341671233,489.71,16.1059726,3.689539486,1346.681912,0.363641923,0,0,0,0
2369,WYCO_0923_05_PR_D1_B_C03_XT,9/11/23,TGAGTCATTGAG,1,D1,0-15,3,43.927,-104.4723,"Weston County, WY",Site 5,10,Conventional,Site 5_D1,154.1666667,D1_Conventional,Clay,64.28742515,21.85229541,13.86027944,78.14770459,7.16,1.385546652,9.338014225,6.349331115,1.432588147,1.17091,0.99181905,0.088160501,7.975005957,620,0.154707229,5.823129198,126,0.197671744,3.885198276,-1.81802892,0.020140909,0.309313061,-0.290763466,1.784379274,9.615068493,16.75830137,3.559452055,1.341671233,489.71,16.1059726,3.689539486,1346.681912,0.363641923,0.00061605,0.000028,0,0
2370,WYCO_0923_05_PR_D2_B_C03_XT,9/11/23,ACCTACTTGTCT,2,D2,15-30,3,43.927,-104.4723,"Weston County, WY",Site 5,10,Conventional,Site 5_D2,13.125,D2_Conventional,Clay,69.46184739,26.36144578,4.176706827,73.63855422,7.47,1.386178344,6.792747874,5.720773405,0.851287448,0.946106,0.890813298,0.049225532,7.179690092,428,0.162899022,5.222301067,29,0.25362701,2.458224807,-3.417915075,0.356496752,NA,NA,1.2362771,9.615068493,16.75830137,3.559452055,1.341671233,489.71,16.1059726,3.689539486,1346.681912,0.363641923,0.00053904,0.0000245,0,0
2371,WYCO_0923_05_PR_D3_B_C03_XT,9/11/23,ACTGTGACGTCC,3,D3,30-50,3,43.927,-104.4723,"Weston County, WY",Site 5,10,Conventional,Site 5_D3,7.093023256,D3_Conventional,Clay,72.87824351,19.10578842,8.015968064,80.89421157,7.4,1.494119754,5.63943,4.556461589,0.528805314,0.830401,0.830672489,0.031027061,6.79121292,161,0.18281123,3.618087609,3,0.457225952,0.841742057,-4.276356884,0.851061244,NA,NA,0.015871202,9.615068493,16.75830137,3.559452055,1.341671233,489.71,16.1059726,3.689539486,1346.681912,0.363641923,0,0,0.08181818,0.00371901
2373,WYCO_0923_05_PR_D1_B_C02_XT,9/11/23,CTATATTATCCG,1,D1,0-15,2,43.927,-104.4723,"Weston County, WY",Site 5,10,Conventional,Site 5_D1,1948.717949,D1_Conventional,Loam,18.98196393,39.49498998,41.52304609,60.50501002,7.06,1.348543568,13.03978817,9.359338072,3.247895251,1.41063,1.27873357,0.262282228,9.243946444,1099,0.142072226,6.220573174,70,0.227770502,3.748834488,0.886232667,-0.757834664,0.150620975,-0.157172814,0.176946535,9.615068493,16.75830137,3.559452055,1.341671233,489.71,16.1059726,3.689539486,1346.681912,0.363641923,0,0,0,0
2374,WYCO_0923_05_PR_D2_B_C02_XT,9/11/23,ACCGAACAATCC,2,D2,15-30,2,43.927,-104.4723,"Weston County, WY",Site 5,10,Conventional,Site 5_D2,270.7317073,D2_Conventional,Loam,20.53493014,32.71057884,46.75449102,67.28942116,6.89,1.407871638,6.075752001,5.136775893,0.864974972,0.679379,0.687828622,0.086926665,8.943096565,681,0.152529287,5.934555629,43,0.240779438,2.897899036,-1.963765796,-0.100916925,0.341949725,-0.027136286,0.766242788,9.615068493,16.75830137,3.559452055,1.341671233,489.71,16.1059726,3.689539486,1346.681912,0.363641923,0,0,0,0
2375,WYCO_0923_05_PR_D3_B_C02_XT,9/11/23,ACGGTACCCTAC,3,D3,30-50,2,43.927,-104.4723,"Weston County, WY",Site 5,10,Conventional,Site 5_D3,188.1578947,D3_Conventional,Loam,22.0998004,41.36526946,36.53493014,58.63473054,6.75,1.470771075,3.333340377,3.662239745,0.172959198,0.528327,0.572022486,0.071363878,6.309237228,907,0.146324793,6.215734045,32,0.26243265,2.825200275,-4.649933591,0.794553723,0.446608735,-0.064046112,0.362029111,9.615068493,16.75830137,3.559452055,1.341671233,489.71,16.1059726,3.689539486,1346.681912,0.363641923,0,0,0,0
2397,WYCO_0923_05_PR_D1_B_C04_XT,9/11/23,CTCTGAGGTAAC,1,D1,0-15,4,43.927,-104.4723,"Weston County, WY",Site 5,10,Conventional,Site 5_D1,96.83673469,D1_Conventional,Sandy Clay Loam,22.21513944,57.32270916,20.46215139,42.67729083,7.05,1.569008029,8.118702659,5.298172285,1.748865057,0.82722,0.708087958,0.148691008,9.814441937,NA,NA,NA,53,0.240355287,3.530845948,NA,NA,NA,NA,NA,9.615068493,16.75830137,3.559452055,1.341671233,489.71,16.1059726,3.689539486,1346.681912,0.363641923,NA,NA,0.00325203,0.00014782
2398,WYCO_0923_05_PR_D2_B_C04_XT,9/11/23,CATGTCTTCCAT,2,D2,15-30,4,43.927,-104.4723,"Weston County, WY",Site 5,10,Conventional,Site 5_D2,34.89130435,D2_Conventional,Sandy Loam,18.976,66.048,14.976,33.952,6.79,1.469310779,4.529430144,2.849298656,1.190714938,0.538585,0.40538809,0.089268719,8.409870576,828,0.148231019,6.120398582,41,0.243295434,2.854357528,-2.539399968,-3.146879762,0.322456093,-0.143377871,1.143142076,9.615068493,16.75830137,3.559452055,1.341671233,489.71,16.1059726,3.689539486,1346.681912,0.363641923,0,0,0,0
2399,WYCO_0923_05_PR_D3_B_C04_XT,9/11/23,AACAGTAAACAA,3,D3,30-50,4,43.927,-104.4723,"Weston County, WY",Site 5,10,Conventional,Site 5_D3,86.93877551,D3_Conventional,Sandy Clay Loam,20.34650699,65.50898204,14.14451098,34.49101797,7.16,1.439957931,2.700418068,2.622779643,0.152433886,0.44249,0.366230115,0.076446722,6.102777617,1127,0.14189786,6.469153912,45,0.244029175,3.094571173,-5.525485377,-0.998262539,0.377126309,-0.101580152,0.53646573,9.615068493,16.75830137,3.559452055,1.341671233,489.71,16.1059726,3.689539486,1346.681912,0.363641923,0,0,0,0
2405,WYCO_0923_06_PR_D1_B_C02_XT,9/9/23,TCCACAGGGTTC,1,D1,0-15,2,44.3956,-104.4489,"Campbell County, WY",Site 6,10,Conventional,Site 6_D1,802.2222222,D1_Conventional,Loam,23.75951904,38.40480962,37.83567134,61.59519038,6.17,1.128695223,16.2811,10.09283182,3.315825779,1.60238,1.284811052,0.280468554,10.16057365,678,0.152583808,5.836883253,157,0.190670313,4.029155411,1.70432223,-0.920062281,-0.166465942,-0.193039338,1.594476605,8.705205479,15.48345205,2.838630137,1.249013699,455.89,15.47668493,3.35500608,1224.577219,0.372283587,0.00800862,0.00036403,0.03035493,0.00137977
2406,WYCO_0923_06_PR_D2_B_C02_XT,9/9/23,GGAGAACGACAC,2,D2,15-30,2,44.3956,-104.4489,"Campbell County, WY",Site 6,10,Conventional,Site 6_D2,221.5909091,D2_Conventional,Clay Loam,38.26506024,22.85943775,38.87550201,77.14056225,6.73,1.303451017,8.51903,7.066592388,1.009031654,1.0159,0.886698241,0.09864082,8.385697411,790,0.14859216,5.763997285,84,0.206590776,3.375456117,-1.502407726,0.653994687,0.002103516,0.082300109,1.013636504,8.705205479,15.48345205,2.838630137,1.249013699,455.89,15.47668493,3.35500608,1224.577219,0.372283587,0.00431234,0.00019602,0.00037331,0.000017
2407,WYCO_0923_06_PR_D3_B_C02_XT,9/9/23,CCTACCATTGTT,3,D3,30-50,2,44.3956,-104.4489,"Campbell County, WY",Site 6,10,Conventional,Site 6_D3,473.4693878,D3_Conventional,Clay Loam,32.22310757,27.26693227,40.50996016,72.73306773,6.93,NA,10.05978542,9.043494765,1.528730405,1.24083,1.099102711,0.15614094,8.107303513,NA,NA,NA,151,0.191497861,4.020057919,NA,NA,NA,NA,NA,8.705205479,15.48345205,2.838630137,1.249013699,455.89,15.47668493,3.35500608,1224.577219,0.372283587,NA,NA,0.00592988,0.00026954
2425,WYCO_0923_06_PR_D1_B_C03_XT,9/9/23,TCCGGCGGGCAA,1,D1,0-15,3,44.3956,-104.4489,"Campbell County, WY",Site 6,10,Conventional,Site 6_D1,989.2857143,D1_Conventional,Loam,26.54136546,37.79919679,35.65943775,62.20080321,6.69,1.058515472,21.9404,12.35964862,5.979412352,2.17641,1.483939737,0.505644678,10.08100496,NA,NA,NA,159,0.189382172,4.159333777,NA,NA,NA,NA,NA,8.705205479,15.48345205,2.838630137,1.249013699,455.89,15.47668493,3.35500608,1224.577219,0.372283587,NA,NA,0.08134348,0.00369743
2426,WYCO_0923_06_PR_D2_B_C03_XT,9/9/23,TAATCCATAATC,2,D2,15-30,3,44.3956,-104.4489,"Campbell County, WY",Site 6,10,Conventional,Site 6_D2,1032.222222,D2_Conventional,Clay Loam,31.03807615,25.29058116,43.67134269,74.70941884,6.56,1.159062394,11.25715763,8.384880718,1.659934224,1.35002,1.049963531,0.163460659,8.338511746,1146,0.141461361,6.362972604,200,0.184253697,4.399041017,-0.204803437,0.353290452,0.055890386,-0.04713905,1.221192609,8.705205479,15.48345205,2.838630137,1.249013699,455.89,15.47668493,3.35500608,1224.577219,0.372283587,0.00569844,0.00025902,0.11763675,0.00534712
2427,WYCO_0923_06_PR_D3_B_C03_XT,9/9/23,CCTCCGTCATGG,3,D3,30-50,3,44.3956,-104.4489,"Campbell County, WY",Site 6,10,Conventional,Site 6_D3,310.8108108,D3_Conventional,Clay,44.5508982,17.79640719,37.65269461,82.20359281,6.68,1.387286828,8.375795399,7.30397404,1.363673712,1.03819,0.966730291,0.099935863,8.067690306,702,0.151774781,5.91584962,118,0.205183565,4.221688362,-1.440852421,0.781574774,0.192333943,0.074884675,1.096936628,8.705205479,15.48345205,2.838630137,1.249013699,455.89,15.47668493,3.35500608,1224.577219,0.372283587,0,0,0.03061977,0.00139181
2433,WYCO_0923_06_PR_D1_B_C05_XT,9/9/23,CTGACACGAATA,1,D1,0-15,5,44.3956,-104.4489,"Campbell County, WY",Site 6,10,Conventional,Site 6_D1,1128.205128,D1_Conventional,Loam,18.8685259,38.77290837,42.35856574,61.22709164,6.16,1.271735359,14.3069,9.926179134,3.727174672,1.50826,1.207247835,0.310056008,9.485698752,1036,0.143611781,6.359346379,148,0.192691907,3.971084338,1.556733253,-0.872980218,-0.120069207,-0.213810015,0.971025205,8.705205479,15.48345205,2.838630137,1.249013699,455.89,15.47668493,3.35500608,1224.577219,0.372283587,0.00754659,0.00034303,0.04995103,0.0022705
2434,WYCO_0923_06_PR_D2_B_C05_XT,9/9/23,GCGTTTGCTAGC,2,D2,15-30,5,44.3956,-104.4489,"Campbell County, WY",Site 6,10,Conventional,Site 6_D2,114.2857143,D2_Conventional,Clay Loam,35.12350598,24.23904382,40.6374502,75.76095618,6.15,1.324173368,9.0952,7.827503303,1.012454029,1.06273,1.004877939,0.068081724,8.558335607,584,0.155958114,5.646294428,40,0.253396158,3.085556297,-1.17089878,0.873942695,-0.016203434,0.204797112,0.639049272,8.705205479,15.48345205,2.838630137,1.249013699,455.89,15.47668493,3.35500608,1224.577219,0.372283587,0.00231018,0.00010501,0.01279224,0.00058147
2435,WYCO_0923_06_PR_D3_B_C05_XT,9/9/23,GCTGCCCACCTA,3,D3,30-50,5,44.3956,-104.4489,"Campbell County, WY",Site 6,10,Conventional,Site 6_D3,410.4651163,D3_Conventional,Clay,44.24849699,21.09018036,34.66132265,78.90981964,6.86,1.527087069,7.889450089,7.702201469,0.91368127,1.11508,1.110193263,0.101664135,7.07523235,515,0.158947494,5.579378863,76,0.215046424,3.258742292,-1.990599678,1.290584901,0.131499735,0.062142133,1.793055006,8.705205479,15.48345205,2.838630137,1.249013699,455.89,15.47668493,3.35500608,1224.577219,0.372283587,0.00169413,0.000077,0.00380457,0.00017293
2441,WYCO_0923_06_PR_D1_B_C04_XT,9/9/23,TTCGATGCCGCA,1,D1,0-15,4,44.3956,-104.4489,"Campbell County, WY",Site 6,10,Conventional,Site 6_D1,368.8888889,D1_Conventional,Loam,23.73066132,38.02004008,38.2492986,61.97995992,6.28,1.147400065,18.0786,11.67053665,5.134857902,1.80225,1.426122311,0.338307304,10.03112776,713,0.151493568,5.92071309,99,0.204074688,3.524772022,2.198446222,-0.984182049,-0.052213567,-0.098793167,0.886400821,8.705205479,15.48345205,2.838630137,1.249013699,455.89,15.47668493,3.35500608,1224.577219,0.372283587,0.01016479,0.00046204,0.02692489,0.00122386
2442,WYCO_0923_06_PR_D2_B_C04_XT,9/9/23,AGAGGGTGATCG,2,D2,15-30,4,44.3956,-104.4489,"Campbell County, WY",Site 6,10,Conventional,Site 6_D2,138.2978723,D2_Conventional,Clay Loam,35.32135729,29.3253493,35.35329341,70.6746507,6.57,1.338412355,8.93239,7.411929843,0.905529071,1.00075,0.970746806,0.085886949,8.925695728,829,0.147983459,5.992238859,47,0.24610268,3.282671479,-1.327851526,0.488314031,0.160339025,0.032002007,0.565551204,8.705205479,15.48345205,2.838630137,1.249013699,455.89,15.47668493,3.35500608,1224.577219,0.372283587,0.00038503,0.0000175,0,0
2443,WYCO_0923_06_PR_D3_B_C04_XT,9/9/23,AGCTCTAGAAAC,3,D3,30-50,4,44.3956,-104.4489,"Campbell County, WY",Site 6,10,Conventional,Site 6_D3,109.375,D3_Conventional,Clay,40.288,24.256,35.456,75.744,6.95,1.497205188,8.099648123,6.962627488,0.919386481,1.02708,1.003952616,0.105184699,7.886092732,854,0.147069203,5.867821266,50,0.223336896,2.796069646,-1.765113814,0.757795895,0.044432737,0.039464065,0.626688751,8.705205479,15.48345205,2.838630137,1.249013699,455.89,15.47668493,3.35500608,1224.577219,0.372283587,0.01309102,0.00059505,0.01338322,0.00060833
2445,WYCO_0923_06_PR_D1_B_C01_XT,9/9/23,CAAACTGCGTTG,1,D1,0-15,1,44.3956,-104.4489,"Campbell County, WY",Site 6,10,Conventional,Site 6_D1,1430.555556,D1_Conventional,Sandy Loam,13.03585657,57.83266932,29.1314741,42.16733067,6.98,1.174537724,14.85083445,8.80568553,6.702951275,1.49616,1.16974623,0.550072619,9.925966775,907,0.145702023,5.955758552,134,0.199418406,4.206075896,2.028054578,-2.663175162,0.0840219,-0.171178205,0.743417384,8.705205479,15.48345205,2.838630137,1.249013699,455.89,15.47668493,3.35500608,1224.577219,0.372283587,0.0012321,0.000056,0.00458943,0.00020861
2446,WYCO_0923_06_PR_D2_B_C01_XT,9/9/23,TCGAGAGTTTGC,2,D2,15-30,1,44.3956,-104.4489,"Campbell County, WY",Site 6,10,Conventional,Site 6_D2,3674.418605,D2_Conventional,Sandy Loam,8.16064257,65.55823293,26.2811245,34.44176707,7.11,1.319726245,6.695490231,3.998443318,1.752101812,0.652222,0.553098873,0.198539523,10.26566143,913,0.145982371,6.15984366,75,0.21676287,3.279220172,-0.822282699,-3.172757976,0.176326698,-0.237397096,0.707163522,8.705205479,15.48345205,2.838630137,1.249013699,455.89,15.47668493,3.35500608,1224.577219,0.372283587,0,0,0.00069774,0.0000317
2447,WYCO_0923_06_PR_D3_B_C01_XT,9/9/23,CGACACGGAGAA,3,D3,30-50,1,44.3956,-104.4489,"Campbell County, WY",Site 6,10,Conventional,Site 6_D3,241.6666667,D3_Conventional,Sandy Loam,1.12,72.96,25.92,27.04,6.72,NA,3.060840292,2.52849539,1.2355881,0.382223,0.323750438,0.228186479,8.007996096,865,0.147211738,6.185121085,85,0.216246579,3.7192308,-2.677207693,-3.517172007,0.379438699,-0.08264522,0.850969,8.705205479,15.48345205,2.838630137,1.249013699,455.89,15.47668493,3.35500608,1224.577219,0.372283587,0,0,0.0013826,0.0000628
2549,WYCO_0923_013_AD_D1_B_C01_XT,9/15/23,AATTAATATGTA,1,D1,0-15,1,38.6437,-107.0067,"Gunnison County, CO",Site 13,14,Adaptive,Site 13_D1,1825,D1_AMP,Sandy Loam,6.688,60.352,32.96,39.648,5.83,1.002241325,57.41,34.95984379,15.15298531,5.18013,3.471749266,1.086646195,11.08273344,836,0.146249727,5.659522436,74,0.224946077,3.845602907,6.449584428,-0.726170594,-0.270147265,-0.023769851,0.2043247,-0.734876712,5.753753425,-6.890684932,1.509452055,550.95,18.56087671,2.590511496,945.536696,0.582684947,0.03981211,0.00180964,0.18104839,0.00822947
2550,WYCO_0923_013_AD_D2_B_C01_XT,9/15/23,CATTTCGCACTT,2,D2,15-30,1,38.6437,-107.0067,"Gunnison County, CO",Site 13,14,Adaptive,Site 13_D2,3292.682927,D2_AMP,Sandy Loam,12.416,51.968,35.616,48.032,6.53,1.212390623,28.2296,24.20441944,2.501323142,2.60028,2.413039414,0.19536294,10.85636931,686,0.15046089,5.481234702,94,0.208923806,3.582663273,2.783476991,0.985590761,-0.326063544,-0.113951268,0.798489285,-0.734876712,5.753753425,-6.890684932,1.509452055,550.95,18.56087671,2.590511496,945.536696,0.582684947,0.0704605,0.00320275,0.25767635,0.01171256
2551,WYCO_0923_013_AD_D3_B_C01_XT,9/15/23,AGATCGTGCCTA,3,D3,30-50,1,38.6437,-107.0067,"Gunnison County, CO",Site 13,14,Adaptive,Site 13_D3,2500,D3_AMP,Sandy Loam,18.2994012,51.96806387,29.73253493,48.03193613,6.61,NA,19.5019,15.91573897,1.266407358,1.87807,1.579201162,0.12887056,10.38401125,591,0.154191475,5.397033511,162,0.189400021,4.148530956,1.182737204,0.810096259,-0.247380497,-0.022316987,1.938482607,-0.734876712,5.753753425,-6.890684932,1.509452055,550.95,18.56087671,2.590511496,945.536696,0.582684947,0.02672108,0.00121459,0.25194182,0.0114519
2553,WYCO_0923_013_AD_D1_B_C05_XT,9/15/23,CCTCACTAGCGA,1,D1,0-15,5,38.6437,-107.0067,"Gunnison County, CO",Site 13,14,Adaptive,Site 13_D1,1233.75,D1_AMP,Sandy Loam,12.90219561,50.46706587,36.63073852,49.53293413,5.24,NA,37.7382,24.79609424,15.98898579,3.31216,2.460917306,1.11158504,11.39383363,789,0.1488909,5.881961865,157,0.190127112,3.91661355,5.804748246,-0.914030126,-0.312774872,-0.278426876,2.129092242,-0.734876712,5.753753425,-6.890684932,1.509452055,550.95,18.56087671,2.590511496,945.536696,0.582684947,0.04065917,0.00184814,0.37006491,0.01682113
2554,WYCO_0923_013_AD_D2_B_C05_XT,9/16/23,NA,2,D2,15-30,5,38.6437,-107.0067,"Gunnison County, CO",Site 13,14,Adaptive,Site 13_D2,NA,D2_AMP,NA,NA,NA,NA,NA,NA,NA,NA,NA,NA,NA,NA,NA,NA,NA,NA,NA,NA,NA,NA,NA,NA,-0.398171025,0.025322049,1.709226458,-0.734876712,5.753753425,-6.890684932,1.509452055,550.95,18.56087671,2.590511496,945.536696,0.582684947,NA,NA,NA,NA
2555,WYCO_0923_013_AD_D3_B_C05_XT,9/17/23,NA,3,D3,30-50,5,38.6437,-107.0067,"Gunnison County, CO",Site 13,14,Adaptive,Site 13_D3,NA,D3_AMP,NA,NA,NA,NA,NA,NA,NA,NA,NA,NA,NA,NA,NA,NA,NA,NA,NA,NA,NA,NA,NA,NA,-0.344103644,0.040274812,0.169048589,-0.734876712,5.753753425,-6.890684932,1.509452055,550.95,18.56087671,2.590511496,945.536696,0.582684947,NA,NA,NA,NA
2561,WYCO_0923_013_AD_D1_B_C02_XT,9/15/23,GCAACGAACGAG,1,D1,0-15,2,38.6437,-107.0067,"Gunnison County, CO",Site 13,14,Adaptive,Site 13_D1,4666.666667,D1_AMP,Loam,12.02725451,38.82164329,49.1511022,61.17835671,5.37,NA,50.7886,29.49531406,15.648675,4.41371,2.930874375,1.144075625,11.50700884,897,0.146009182,5.862991144,148,0.188366732,3.602872121,6.454338056,-0.107851599,-0.339075471,-0.136869521,1.077768385,-0.734876712,5.753753425,-6.890684932,1.509452055,550.95,18.56087671,2.590511496,945.536696,0.582684947,0.04851378,0.00220517,0.35660019,0.0162091
2562,WYCO_0923_013_AD_D2_B_C02_XT,9/15/23,AGATGTCCGTCA,2,D2,15-30,2,38.6437,-107.0067,"Gunnison County, CO",Site 13,14,Adaptive,Site 13_D2,4466.666667,D2_AMP,Sandy Loam,5.386773547,58.54108216,36.07214429,41.45891784,5.59,NA,30.7331,25.1424591,2.925179208,2.75172,2.521734565,0.235810164,11.16868722,822,0.14694833,5.548319353,132,0.196551582,3.806891808,3.667775605,0.560681846,-0.36011518,-0.102904073,0.933848592,-0.734876712,5.753753425,-6.890684932,1.509452055,550.95,18.56087671,2.590511496,945.536696,0.582684947,0.03257354,0.00148062,0.35717818,0.01623537
2563,WYCO_0923_013_AD_D3_B_C02_XT,9/15/23,ACATGATATTCT,3,D3,30-50,2,38.6437,-107.0067,"Gunnison County, CO",Site 13,14,Adaptive,Site 13_D3,2671.875,D3_AMP,Sandy Loam,9.248,55.68,35.072,44.32,5.5,NA,19.0129,16.65090851,1.89681973,1.81521,1.653511622,0.185582196,10.4742151,456,0.161239666,5.161438679,171,0.183579499,3.734477106,2.176563761,0.4511005,-0.38589519,-0.08765852,4.284449231,-0.734876712,5.753753425,-6.890684932,1.509452055,550.95,18.56087671,2.590511496,945.536696,0.582684947,0.02595102,0.00117959,0.23209375,0.01054972
2581,WYCO_0923_013_AD_D1_B_C03_XT,9/15/23,TCGTTATTCAGT,1,D1,0-15,3,38.6437,-107.0067,"Gunnison County, CO",Site 13,14,Adaptive,Site 13_D1,4523.809524,D1_AMP,Sandy Loam,8.771084337,46.85943775,44.36947791,53.14056225,6.64,1.034758237,53.3992,37.2690164,15.64089493,4.67271,3.625492787,1.14890864,11.4278866,721,0.150472466,5.71424738,157,0.189375306,3.984310566,6.079244061,0.07164282,-0.364027253,-0.201160358,1.453427472,-0.734876712,5.753753425,-6.890684932,1.509452055,550.95,18.56087671,2.590511496,945.536696,0.582684947,0.09571847,0.00435084,0.47418319,0.02155378
2582,WYCO_0923_013_AD_D2_B_C03_XT,9/15/23,GGATACTCGCAT,2,D2,15-30,3,38.6437,-107.0067,"Gunnison County, CO",Site 13,14,Adaptive,Site 13_D2,4125,D2_AMP,Loam,17.75648703,40.40718563,41.83632735,59.59281438,6.28,1.23917818,26.7984,21.87584048,2.083714286,2.54354,2.121675476,0.184045437,10.53586733,615,0.154187822,5.615275345,132,0.198280994,3.936555284,2.518075294,1.474117513,-0.100966092,-0.105079868,1.961427593,-0.734876712,5.753753425,-6.890684932,1.509452055,550.95,18.56087671,2.590511496,945.536696,0.582684947,0.04982289,0.00226468,0.26695328,0.01213424
2583,WYCO_0923_013_AD_D3_B_C03_XT,9/16/23,NA,3,D3,30-50,3,38.6437,-107.0067,"Gunnison County, CO",Site 13,14,Adaptive,Site 13_D3,NA,D3_AMP,NA,NA,NA,NA,NA,NA,NA,NA,NA,NA,NA,NA,NA,NA,NA,NA,NA,NA,NA,NA,NA,NA,NA,NA,NA,-0.734876712,5.753753425,-6.890684932,1.509452055,550.95,18.56087671,2.590511496,945.536696,0.582684947,NA,NA,NA,NA
2589,WYCO_0923_013_AD_D1_B_C04_XT,9/15/23,AGCAGTGCGGTG,1,D1,0-15,4,38.6437,-107.0067,"Gunnison County, CO",Site 13,14,Adaptive,Site 13_D1,4750,D1_AMP,Sandy Loam,13.47704591,52.35129741,34.17165669,47.6487026,5.22,NA,45.0416,21.66038895,16.94532668,3.70123,2.210764798,1.18641628,12.16935992,744,0.150073606,5.799947357,120,0.193437376,3.475085824,6.287412169,-1.606905808,-0.335267639,-0.233837313,1.02801638,-0.734876712,5.753753425,-6.890684932,1.509452055,550.95,18.56087671,2.590511496,945.536696,0.582684947,0.04751271,0.00215967,0.44639043,0.02029047
2590,WYCO_0923_013_AD_D2_B_C04_XT,9/15/23,GCATATGCACTG,2,D2,15-30,4,38.6437,-107.0067,"Gunnison County, CO",Site 13,14,Adaptive,Site 13_D2,757.1428571,D2_AMP,Sandy Loam,10.68056112,57.29058116,32.02885772,42.70941884,5.53,1.085228326,20.2742,16.46441155,1.436727756,1.91048,1.771687139,0.111363831,10.61209748,614,0.153806785,5.424745553,45,0.228518884,2.621369027,1.938564614,0.609989504,-0.324952129,-0.015062556,0.205148857,-0.734876712,5.753753425,-6.890684932,1.509452055,550.95,18.56087671,2.590511496,945.536696,0.582684947,0.04212229,0.00191465,0.37318255,0.01696284
2591,WYCO_0923_013_AD_D3_B_C04_XT,9/15/23,AATGTTCAACTT,3,D3,30-50,4,38.6437,-107.0067,"Gunnison County, CO",Site 13,14,Adaptive,Site 13_D3,741.4634146,D3_AMP,Sandy Loam,12.26347305,53.91616766,33.82035928,46.08383233,5.16,1.196479074,16.5828,14.44011155,1.522531062,1.53522,1.475915007,0.175474361,10.80157893,782,0.148546107,5.690427018,182,0.184209566,3.978018638,1.8616434,0.40349297,-0.100660841,0.004999427,1.908837272,-0.734876712,5.753753425,-6.890684932,1.509452055,550.95,18.56087671,2.590511496,945.536696,0.582684947,0.02733713,0.0012426,0.29680225,0.01349101
2597,WYCO_0923_015_AD_D1_B_C01_XT,9/20/23,TAAGGCATCGCT,1,D1,0-15,1,40.0637,-102.9896,"Washington County, CO",Site 15,15,Adaptive,Site 15_D1,48.8372093,D1_AMP,Silt Loam,25.52304609,14.51703407,59.95991984,85.48296593,5.86,1.162523248,15.1767,10.37341981,4.044621543,1.59562,1.36299754,0.248793511,9.511475163,NA,NA,NA,117,0.199431318,3.810140156,#N/A,#N/A,NA,NA,2.526037778,10.7499726,18.33082192,4.363589041,1.453534247,530.54,18.16254795,4.457234596,1626.890628,0.326106741,NA,NA,0.01181276,0.00053694
2598,WYCO_0923_015_AD_D2_B_C01_XT,9/20/23,AGCGCGGCGAAT,2,D2,15-30,1,40.0637,-102.9896,"Washington County, CO",Site 15,15,Adaptive,Site 15_D2,256.25,D2_AMP,Silty Clay Loam,29.33333333,14.24899598,56.41767068,85.75100401,7.27,1.136057713,10.19944294,8.75730208,1.933274035,1.28984,1.180293369,0.155725007,7.907525691,1013,0.143708878,6.15793706,50,0.241969028,3.265458036,-0.215544077,1.892930401,0.20391398,-0.008384878,0.532937059,10.7499726,18.33082192,4.363589041,1.453534247,530.54,18.16254795,4.457234596,1626.890628,0.326106741,0,0,0,0
2599,WYCO_0923_015_AD_D3_B_C01_XT,9/20/23,CTACTCCACGAG,3,D3,30-50,1,40.0637,-102.9896,"Washington County, CO",Site 15,15,Adaptive,Site 15_D3,9.895833333,D3_AMP,Silt Loam,23.40918164,16.48702595,60.10379242,83.51297406,7.22,1.244395944,7.56472389,5.824652809,1.574490393,1.00727,0.85996588,0.157762562,7.510125279,685,0.152446319,5.961904277,37,0.233922231,2.454107412,-0.847537118,1.312989168,0.441438547,-0.049118262,1.132995772,10.7499726,18.33082192,4.363589041,1.453534247,530.54,18.16254795,4.457234596,1626.890628,0.326106741,0,0,0.00465002,0.00021136
2601,WYCO_0923_015_AD_D1_B_C02_XT,9/20/23,ACTCTGTAATTA,1,D1,0-15,2,40.0637,-102.9896,"Washington County, CO",Site 15,15,Adaptive,Site 15_D1,124.4186047,D1_AMP,Silt Loam,20.32,21.152,58.528,78.848,6.36,1.213401818,13.9577,9.840096189,2.733606307,1.5161,1.275690867,0.211661827,9.206318844,842,0.1476772,6.046694745,3,0.528392839,0.977320209,1.45286076,1.156785675,0.126586733,0.002254491,0.002539723,10.7499726,18.33082192,4.363589041,1.453534247,530.54,18.16254795,4.457234596,1626.890628,0.326106741,0.00246419,0.00011201,0,0
2602,WYCO_0923_015_AD_D2_B_C02_XT,9/20/23,TCATGGCCTCCG,2,D2,15-30,2,40.0637,-102.9896,"Washington County, CO",Site 15,15,Adaptive,Site 15_D2,110.5,D2_AMP,Silty Clay,42.03607214,12.59318637,45.37074148,87.40681362,7.31,1.208485859,10.9837,8.560082706,1.11210931,1.38405,1.167149125,0.121048103,7.93591272,577,0.156231739,5.689225582,16,0.328319202,2.580880373,-0.798666552,2.193858283,0.077452976,0.018518585,0.062890073,10.7499726,18.33082192,4.363589041,1.453534247,530.54,18.16254795,4.457234596,1626.890628,0.326106741,0.02479593,0.00112709,0.02647059,0.00120321
2603,WYCO_0923_015_AD_D3_B_C02_XT,9/20/23,TAGCAGTTGCGT,3,D3,30-50,2,40.0637,-102.9896,"Washington County, CO",Site 15,15,Adaptive,Site 15_D3,193.902439,D3_AMP,Silt Loam,22.55421687,16.562249,60.88353414,83.43775101,7.41,1.327124612,7.517973496,5.748169843,0.717098111,0.876927,0.767458445,0.091953137,8.573089317,690,0.152239149,5.948457157,52,0.238116791,3.332018577,-1.536000951,1.778957325,0.348691197,0.020974331,0.633047304,10.7499726,18.33082192,4.363589041,1.453534247,530.54,18.16254795,4.457234596,1626.890628,0.326106741,0,0,0,0
2609,WYCO_0923_015_AD_D1_B_C04_XT,9/20/23,TAGTTCGGTGAC,1,D1,0-15,4,40.0637,-102.9896,"Washington County, CO",Site 15,15,Adaptive,Site 15_D1,427.7777778,D1_AMP,Silty Clay Loam,32.80321285,10.97188755,56.2248996,89.02811245,6.11,1.195097587,16.516,10.4904,4.416210442,1.64409,1.295688889,0.269793173,10.04567876,690,0.151861369,5.790078677,73,0.223347395,3.644160742,2.15029429,1.031834714,0.242447136,0.085875782,0.883786575,10.7499726,18.33082192,4.363589041,1.453534247,530.54,18.16254795,4.457234596,1626.890628,0.326106741,0.00077006,0.000035,0.00710285,0.00032286
2610,WYCO_0923_015_AD_D2_B_C04_XT,9/20/23,TTAATGGATCGG,2,D2,15-30,4,40.0637,-102.9896,"Washington County, CO",Site 15,15,Adaptive,Site 15_D2,628.125,D2_AMP,Silty Clay Loam,35.40562249,11.35742972,53.23694779,88.64257028,7.29,1.452266923,9.93478157,6.871820206,1.557357272,1.20258,1.030198636,0.115705428,8.261223012,1095,0.142002198,6.186597697,129,0.200061895,4.083537431,-0.556634315,1.610080612,-0.077545203,-0.322049922,0.657233336,10.7499726,18.33082192,4.363589041,1.453534247,530.54,18.16254795,4.457234596,1626.890628,0.326106741,0.0063915,0.00029052,0.01955744,0.00088897
2611,WYCO_0923_015_AD_D3_B_C04_XT,9/20/23,CGTTCTGGTGGT,3,D3,30-50,4,40.0637,-102.9896,"Washington County, CO",Site 15,15,Adaptive,Site 15_D3,61.75675676,D3_AMP,Silt Loam,8.796812749,13.08366534,78.11952191,86.91633466,7.34,1.384996492,5.5009867,3.585459167,1.391592483,0.649654,0.543079066,0.096120907,8.467563811,776,0.149505187,5.983398982,40,0.253864454,3.066875136,-1.356226247,0.738331236,0.135722912,0.236286549,0.745207774,10.7499726,18.33082192,4.363589041,1.453534247,530.54,18.16254795,4.457234596,1626.890628,0.326106741,0.0025412,0.00011551,0,0
2617,WYCO_0923_015_AD_D1_B_C05_XT,9/20/23,GTCAGGTGCGGC,1,D1,0-15,5,40.0637,-102.9896,"Washington County, CO",Site 15,15,Adaptive,Site 15_D1,237.804878,D1_AMP,Silty Clay Loam,37.03406814,11.1503006,51.81563126,88.8496994,6.6,1.47253754,13.1851,9.1492232,1.624795867,1.45747,1.28355916,0.1387154,9.046566996,901,0.146243535,6.049086851,141,0.196032527,4.056612225,0.448866043,1.879774516,0.335132916,0.126358835,1.49197381,10.7499726,18.33082192,4.363589041,1.453534247,530.54,18.16254795,4.457234596,1626.890628,0.326106741,0.00084707,0.0000385,0.0332265,0.0015103
2618,WYCO_0923_015_AD_D2_B_C05_XT,9/20/23,TCAAGTCCGCAC,2,D2,15-30,5,40.0637,-102.9896,"Washington County, CO",Site 15,15,Adaptive,Site 15_D2,260.8108108,D2_AMP,Silty Clay Loam,37.888,10.208,51.904,89.792,7.7,1.326450034,8.616163906,7.271568919,1.486701284,1.07914,1.003010053,0.116090546,7.984287401,807,0.148614304,5.96367894,NA,NA,NA,NA,NA,0.415463578,0.192789545,0.000265098,10.7499726,18.33082192,4.363589041,1.453534247,530.54,18.16254795,4.457234596,1626.890628,0.326106741,0,0,0,0
2619,WYCO_0923_015_AD_D3_B_C05_XT,9/20/23,CACACAAAGTCA,3,D3,30-50,5,40.0637,-102.9896,"Washington County, CO",Site 15,15,Adaptive,Site 15_D3,173.0769231,D3_AMP,Silty Clay,49.21115538,7.027888446,43.76095618,92.97211156,7.72,1.396389914,4.760262281,4.594533895,1.05066282,0.727824,0.718349146,0.067385046,6.540403011,424,0.162934715,5.075595337,2,0.56425406,0.579915171,-3.243677732,1.954528436,NA,NA,0.002545076,10.7499726,18.33082192,4.363589041,1.453534247,530.54,18.16254795,4.457234596,1626.890628,0.326106741,0,0,0,0
2621,WYCO_0923_015_AD_D1_B_C03_XT,9/20/23,GTTGGACGAAGG,1,D1,0-15,3,40.0637,-102.9896,"Washington County, CO",Site 15,15,Adaptive,Site 15_D1,532.1428571,D1_AMP,Silt Loam,25.95983936,17.30120482,56.73895582,82.69879518,6.47,1.141815367,14.8226,10.01679385,4.104029843,1.5625,1.258824385,0.265405052,9.486464,861,0.146731374,5.913298253,110,0.204475428,3.935721957,1.790957382,0.89196606,0.08058187,-0.116996957,0.75835921,10.7499726,18.33082192,4.363589041,1.453534247,530.54,18.16254795,4.457234596,1626.890628,0.326106741,0.00292623,0.00013301,0.00655242,0.00029784
2622,WYCO_0923_015_AD_D2_B_C03_XT,9/20/23,GTCACTCCGAAC,2,D2,15-30,3,40.0637,-102.9896,"Washington County, CO",Site 15,15,Adaptive,Site 15_D2,627.1428571,D2_AMP,Silty Clay Loam,35.19361277,15.6247505,49.18163673,84.3752495,7.22,1.166629276,11.67150265,9.097236063,1.710778678,1.49664,1.507841682,0.177212424,7.79847034,783,0.14885697,5.831394427,74,0.223921583,3.63504915,0.028510388,1.92498417,0.122085259,-0.067106333,0.638039968,10.7499726,18.33082192,4.363589041,1.453534247,530.54,18.16254795,4.457234596,1626.890628,0.326106741,0.00315725,0.00014351,0.00220638,0.00010029
2623,WYCO_0923_015_AD_D3_B_C03_XT,9/20/23,CAATCATAGGTG,3,D3,30-50,3,40.0637,-102.9896,"Washington County, CO",Site 15,15,Adaptive,Site 15_D3,301.6666667,D3_AMP,Silt Loam,21.97205589,14.21956088,63.80838323,85.78043912,7.56,1.316427699,6.308651452,5.226481798,1.097453247,0.848891,0.722077208,0.102121863,7.431638988,914,0.146055507,6.171270871,64,0.191349719,2.405165065,-1.771072171,1.656990551,0.260071696,-0.054251453,0.961483826,10.7499726,18.33082192,4.363589041,1.453534247,530.54,18.16254795,4.457234596,1626.890628,0.326106741,0.00323425,0.00014701,0.00191397,0.000087
2653,WYCO_0923_016_AD_D1_B_C01_XT,9/13/23,ATGTGCTGCTCG,1,D1,0-15,1,40.6138,-108.2378,"Moffat County, CO",Site 16,14,Adaptive,Site 16_D1,2526.315789,D1_AMP,Silt Loam,14.69061876,32.58283433,52.72654691,67.41716567,6.25,1.203545843,29.0848,21.43750495,8.990695187,2.52233,2.220150775,0.608768663,11.53092577,666,0.153133081,5.935042666,153,0.192119237,4.057691987,4.356051809,0.372929468,-0.233958445,-0.129816317,2.471232362,4.912684932,11.46413699,-1.502136986,1.586054795,578.91,17.51391781,3.294482589,1202.486145,0.481427584,0.0422763,0.00192165,0.25237599,0.01147164
2654,WYCO_0923_016_AD_D2_B_C01_XT,9/13/23,TTGAACAAGCCA,2,D2,15-30,1,40.6138,-108.2378,"Moffat County, CO",Site 16,14,Adaptive,Site 16_D2,306.8181818,D2_AMP,Silt Loam,24.97795591,22.78957916,52.23246493,77.21042084,6.1,1.43120711,11.8981,10.44434485,0.824575489,1.24953,1.161921447,0.062881226,9.522060295,533,0.153843484,5.062609893,111,0.207562217,4.189830254,-0.226827685,2.16401759,-0.163625308,0.205483705,2.294943158,4.912684932,11.46413699,-1.502136986,1.586054795,578.91,17.51391781,3.294482589,1202.486145,0.481427584,0.01355306,0.00061605,0.07355993,0.00334363
2655,WYCO_0923_016_AD_D3_B_C01_XT,9/13/23,ATATGTTCTCAA,3,D3,30-50,1,40.6138,-108.2378,"Moffat County, CO",Site 16,14,Adaptive,Site 16_D3,117.4358974,D3_AMP,Silty Clay Loam,28.192,18.816,52.992,81.184,6.24,1.559466333,8.64282,8.452775953,0.491373456,1.01445,1.01603975,0.043187606,8.519710188,616,0.153848725,5.456077752,71,0.223397327,3.573388783,-1.557633261,2.683146388,-0.145239571,0.23605198,0.957317852,4.912684932,11.46413699,-1.502136986,1.586054795,578.91,17.51391781,3.294482589,1202.486145,0.481427584,0.00985677,0.00044803,0.13663023,0.00621047
2657,WYCO_0923_016_AD_D1_B_C03_XT,9/13/23,TAGGAACTCACC,1,D1,0-15,3,40.6138,-108.2378,"Moffat County, CO",Site 16,14,Adaptive,Site 16_D1,1511.363636,D1_AMP,Silt Loam,16.79840319,22.68263473,60.51896208,77.31736527,6.62,1.204642495,25.741,17.31324597,7.557610832,2.38623,1.761049089,0.55176893,10.78730885,974,0.144639524,6.164141924,135,0.198907188,4.203782533,3.703539975,0.644712464,-0.171026023,0.06393249,0.922145155,4.912684932,11.46413699,-1.502136986,1.586054795,578.91,17.51391781,3.294482589,1202.486145,0.481427584,0.01940551,0.00088207,0.08849469,0.00402249
2658,WYCO_0923_016_AD_D2_B_C03_XT,9/13/23,ATCGTAGTGGTC,2,D2,15-30,3,40.6138,-108.2378,"Moffat County, CO",Site 16,14,Adaptive,Site 16_D2,347.6190476,D2_AMP,Silt Loam,20.91816367,23.28942116,55.79241517,76.71057884,7.07,1.467205467,10.838,8.88975718,1.242807833,1.15962,1.048360705,0.094224021,9.346165123,683,0.149289726,5.114675188,6,0.426492701,1.590773264,-0.297873549,1.524319323,-0.168781006,0.238779678,0.004099615,4.912684932,11.46413699,-1.502136986,1.586054795,578.91,17.51391781,3.294482589,1202.486145,0.481427584,0.00600647,0.00027302,0.23809524,0.01082251
2659,WYCO_0923_016_AD_D3_B_C03_XT,9/13/23,ACTAAAGCAAAC,3,D3,30-50,3,40.6138,-108.2378,"Moffat County, CO",Site 16,14,Adaptive,Site 16_D3,94.65116279,D3_AMP,Silty Clay,43.22244489,10.09218437,46.68537074,89.90781563,6.48,1.396897858,6.59359,5.906164158,0.513331765,0.860056,0.940123409,0.045876941,7.666465905,540,0.15649114,5.128217043,60,0.226823685,3.197917928,-2.417386184,2.492351844,-0.076928093,0.397909539,4.585446793,4.912684932,11.46413699,-1.502136986,1.586054795,578.91,17.51391781,3.294482589,1202.486145,0.481427584,0.00069305,0.0000315,0.04441383,0.00201881
2661,WYCO_0923_016_AD_D1_B_C05_XT,9/13/23,CCACGAGCAGGC,1,D1,0-15,5,40.6138,-108.2378,"Moffat County, CO",Site 16,14,Adaptive,Site 16_D1,1194.594595,D1_AMP,Silt Loam,14.75449102,21.98003992,63.26546906,78.01996008,5.99,1.205312641,24.3332,17.0442401,3.083302752,2.18036,1.719182595,0.237353604,11.16017538,768,0.149855512,5.996976128,34,0.261836833,3.007094086,3.023265418,1.493376415,-0.18073754,-0.047671741,0.06663928,4.912684932,11.46413699,-1.502136986,1.586054795,578.91,17.51391781,3.294482589,1202.486145,0.481427584,0.03773294,0.00171513,0.18274112,0.00830641
2662,WYCO_0923_016_AD_D2_B_C05_XT,9/13/23,AACTCAATAGCG,2,D2,15-30,5,40.6138,-108.2378,"Moffat County, CO",Site 16,14,Adaptive,Site 16_D2,512.8571429,D2_AMP,Silt Loam,15.67935872,24.96993988,59.3507014,75.03006012,5.84,1.34737071,13.5542,11.213975,0.758734468,1.40288,1.242270426,0.079357404,9.66169594,463,0.159118333,4.907223903,76,0.219697786,3.606640607,0.393297551,2.222598645,-0.255942833,0.167521551,1.09803305,4.912684932,11.46413699,-1.502136986,1.586054795,578.91,17.51391781,3.294482589,1202.486145,0.481427584,0.0103188,0.00046904,0.09457093,0.00429868
2663,WYCO_0923_016_AD_D3_B_C05_XT,9/13/23,TCAGACCAACTG,3,D3,30-50,5,40.6138,-108.2378,"Moffat County, CO",Site 16,14,Adaptive,Site 16_D3,531.3953488,D3_AMP,Loam,23.44111776,43.88822355,32.67065868,56.11177644,6.01,1.590086986,8.41845,8.193203997,0.257292955,0.976771,1.076397473,0.034844727,8.618652683,561,0.156111789,5.444538249,NA,NA,NA,NA,NA,-0.22221857,0.204177196,0.000145056,4.912684932,11.46413699,-1.502136986,1.586054795,578.91,17.51391781,3.294482589,1202.486145,0.481427584,0.00831665,0.00037803,0,0
2665,WYCO_0923_016_AD_D1_B_C02_XT,9/13/23,GCATAAACGACT,1,D1,0-15,2,40.6138,-108.2378,"Moffat County, CO",Site 16,14,Adaptive,Site 16_D1,621.25,D1_AMP,Silt Loam,21.09819639,24.2004008,54.70140281,75.7995992,6.03,1.23218359,25.5762,16.4454451,7.54778604,2.20711,1.718282738,0.49562698,11.58809484,903,0.146128981,5.962790863,NA,NA,NA,NA,NA,-0.167923102,0.020929665,NA,4.912684932,11.46413699,-1.502136986,1.586054795,578.91,17.51391781,3.294482589,1202.486145,0.481427584,0.0243339,0.00110609,0,NA
2666,WYCO_0923_016_AD_D2_B_C02_XT,9/13/23,CCGATAAAGGTT,2,D2,15-30,2,40.6138,-108.2378,"Moffat County, CO",Site 16,14,Adaptive,Site 16_D2,211.4285714,D2_AMP,Silt Loam,24.84630739,21.62874251,53.5249501,78.37125749,6.32,1.463703847,11.5552,9.55250996,0.702984436,1.25318,1.149258964,0.068220977,9.220702533,802,0.146951793,5.374669667,90,0.214846386,3.889055895,-0.433081304,2.204084668,-0.193555482,0.224572386,0.500805662,4.912684932,11.46413699,-1.502136986,1.586054795,578.91,17.51391781,3.294482589,1202.486145,0.481427584,0.00654551,0.00029752,0.09320025,0.00423637
2667,WYCO_0923_016_AD_D3_B_C02_XT,9/13/23,CAGGAACCAGGA,3,D3,30-50,2,40.6138,-108.2378,"Moffat County, CO",Site 16,14,Adaptive,Site 16_D3,123.625,D3_AMP,Silty Clay Loam,33.02811245,13.70281124,53.26907631,86.29718876,5.77,1.442360704,9.64638,8.328841987,0.838389934,1.05266,1.021300927,0.069791046,9.163813577,541,0.155814636,4.969857052,54,0.238036017,3.403497967,-0.599963508,2.188223454,-0.158398588,0.329465783,0.65435016,4.912684932,11.46413699,-1.502136986,1.586054795,578.91,17.51391781,3.294482589,1202.486145,0.481427584,0.00138611,0.000063,0.11488049,0.00522184
2685,WYCO_0923_016_AD_D1_B_C04_XT,9/13/23,TTCCAATACTCA,1,D1,0-15,4,40.6138,-108.2378,"Moffat County, CO",Site 16,14,Adaptive,Site 16_D1,1050,D1_AMP,Loam,25.63855422,25.97590361,48.38554217,74.02409639,5.98,1.255706682,21.8498,14.80511102,5.751831452,2.00182,1.58643879,0.429274852,10.91496738,729,0.149998725,5.54479285,121,0.124185944,2.059874544,3.17856966,0.375037683,-0.135328482,0.099881235,2.242619151,4.912684932,11.46413699,-1.502136986,1.586054795,578.91,17.51391781,3.294482589,1202.486145,0.481427584,0.01262899,0.00057404,0.08040325,0.00365469
2686,WYCO_0923_016_AD_D2_B_C04_XT,9/13/23,GTCCGTCCTGGT,2,D2,15-30,4,40.6138,-108.2378,"Moffat County, CO",Site 16,14,Adaptive,Site 16_D2,407.6923077,D2_AMP,Silty Clay,40.70119522,16.65338645,42.64541833,83.34661355,6.97,1.365637674,10.0087,7.863558528,0.698634757,1.22645,1.056121051,0.050285283,8.160707734,708,0.149619217,5.285791289,85,0.199087339,3.051060058,-1.530232917,2.18890386,-0.148629672,0.196846412,1.411444965,4.912684932,11.46413699,-1.502136986,1.586054795,578.91,17.51391781,3.294482589,1202.486145,0.481427584,0.00785461,0.00035703,0.05056774,0.00229853
2687,WYCO_0923_016_AD_D3_B_C04_XT,9/13/23,CGAGGCGAGTCA,3,D3,30-50,4,40.6138,-108.2378,"Moffat County, CO",Site 16,14,Adaptive,Site 16_D3,144.7368421,D3_AMP,Clay,42.51792829,21.62549801,35.85657371,78.374502,6.11,1.342054141,7.10914,6.2534354,0.57921672,0.902785,0.862700773,0.067780204,7.874676695,429,0.161943781,5.014983534,65,0.169662857,2.246159944,-1.984597371,1.731005783,-0.109574903,0.301522664,3.322018031,4.912684932,11.46413699,-1.502136986,1.586054795,578.91,17.51391781,3.294482589,1202.486145,0.481427584,0.00223317,0.00010151,0.04563089,0.00207413
2741,WYCO_0923_019_PR_D1_B_C02_XT,9/6/23,CTTGCTCATAAT,1,D1,0-15,2,41.6032,-106.9123,"Carbon County, WY",Site 19,8,Conventional,Site 19_D1,473.75,D1_Conventional,Sandy Loam,16.9312,60.16,22.9088,39.84,6.43,1.460938649,11.6005,6.030091864,2.20347336,1.18742,0.753639895,0.132167677,9.769500261,883,0.14628665,5.829825562,146,0.193050397,3.941998949,0.16074625,-2.774325741,-0.046783874,0.000703302,1.474551921,6.703260274,13.07273973,1.093671233,1.209424658,441.44,16.5359726,3.22546978,1177.29647,0.374960778,0.00069305,0.0000315,0.03079488,0.00139977
2742,WYCO_0923_019_PR_D2_B_C02_XT,9/6/23,CGCTGTGGATTA,2,D2,15-30,2,41.6032,-106.9123,"Carbon County, WY",Site 19,8,Conventional,Site 19_D2,551.1363636,D2_Conventional,Sandy Clay Loam,33.78842315,55.73652695,10.4750499,44.26347305,6.32,1.51328254,6.19913,3.804083368,1.090768,0.65488,0.486029526,0.074992842,9.46605485,874,0.14640683,5.844784486,116,0.201428252,3.689609786,-2.13920564,-2.714239563,0.029973524,0.051465175,1.405113152,6.703260274,13.07273973,1.093671233,1.209424658,441.44,16.5359726,3.22546978,1177.29647,0.374960778,0.00046204,0.000021,0.02072017,0.00094183
2743,WYCO_0923_019_PR_D3_B_C02_XT,9/7/23,NA,3,D3,30-50,3,41.6032,-106.9123,"Carbon County, WY",Site 19,8,Conventional,Site 19_D3,NA,D3_Conventional,NA,NA,NA,NA,NA,NA,NA,NA,NA,NA,NA,NA,NA,NA,NA,NA,NA,NA,NA,NA,NA,NA,NA,NA,NA,6.703260274,13.07273973,1.093671233,1.209424658,441.44,16.5359726,3.22546978,1177.29647,0.374960778,0.00046204,0.000021,0.02072017,0.00094183
2745,WYCO_0923_019_PR_D1_B_C03_XT,9/6/23,TAGTCTAAGGGT,1,D1,0-15,3,41.6032,-106.9123,"Carbon County, WY",Site 19,8,Conventional,Site 19_D1,2107.142857,D1_Conventional,Sandy Clay Loam,22.02805611,51.83967936,26.13226453,48.16032064,6.07,NA,11.9712,6.211018059,2.440784717,1.18015,0.778894286,0.205803679,10.14379528,526,0.158500799,5.555622266,12,0.34726814,2.22517297,0.591551101,-2.575593722,-0.160938663,-0.155366735,0.024539566,6.703260274,13.07273973,1.093671233,1.209424658,441.44,16.5359726,3.22546978,1177.29647,0.374960778,0.00700755,0.00031852,0.05426357,0.00246653
2746,WYCO_0923_019_PR_D2_B_C03_XT,9/6/23,ACGACAACGGGC,2,D2,15-30,3,41.6032,-106.9123,"Carbon County, WY",Site 19,8,Conventional,Site 19_D2,345,D2_Conventional,Sandy Clay Loam,31.90419162,54.84231537,13.25349301,45.15768463,6.91,NA,5.95546,3.755607798,0.499070248,0.644019,0.511046855,0.062144402,9.247335871,950,0.143665802,5.784169193,109,0.185563749,3.193968958,-2.971373373,-1.96809732,0.069818794,0.108582272,1.293961755,6.703260274,13.07273973,1.093671233,1.209424658,441.44,16.5359726,3.22546978,1177.29647,0.374960778,0.00346527,0.00015751,0.01321848,0.00060084
2747,WYCO_0923_019_PR_D3_B_C03_XT,9/6/23,CTAGCGTGCGTT,3,D3,30-50,3,41.6032,-106.9123,"Carbon County, WY",Site 19,8,Conventional,Site 19_D3,158,D3_Conventional,Sandy Clay Loam,28.48702595,55.57684631,15.93612774,44.42315369,7.22,NA,5.58358,5.611867909,0.77868719,0.409827,0.468894951,0.107846736,13.62423657,764,0.149621606,5.905541903,6,0.440098315,1.651961436,-2.442361734,-2.070707947,0.240004804,0.25591396,0.007093095,6.703260274,13.07273973,1.093671233,1.209424658,441.44,16.5359726,3.22546978,1177.29647,0.374960778,0.00369629,0.00016801,0,0
2749,WYCO_0923_019_PR_D1_B_C04_XT,9/6/23,GTTTGAAACACG,1,D1,0-15,4,41.6032,-106.9123,"Carbon County, WY",Site 19,8,Conventional,Site 19_D1,4294.871795,D1_Conventional,Sandy Loam,17.05179283,52.82868526,30.11952191,47.17131474,6.29,1.249230302,14.1141,8.566773368,4.139703956,1.42189,1.082755927,0.305223349,9.926295283,805,0.148668581,5.908853763,162,0.190699743,4.220623949,1.442926484,-2.34341995,-0.176544731,-0.185486086,0.986344891,6.703260274,13.07273973,1.093671233,1.209424658,441.44,16.5359726,3.22546978,1177.29647,0.374960778,0.00469737,0.00021352,0.04943001,0.00224682
2750,WYCO_0923_019_PR_D2_B_C04_XT,9/6/23,ACCTCAGTCAAG,2,D2,15-30,4,41.6032,-106.9123,"Carbon County, WY",Site 19,8,Conventional,Site 19_D2,828.2051282,D2_Conventional,Clay Loam,29.984,43.2,26.816,56.8,5.95,NA,10.8418,7.625759788,2.05496582,1.17349,1.009004339,0.161564111,9.238936847,732,0.150176652,5.632485588,84,0.216139789,3.581861304,0.050782059,-1.327341452,-0.153489133,0.025557494,0.513398303,6.703260274,13.07273973,1.093671233,1.209424658,441.44,16.5359726,3.22546978,1177.29647,0.374960778,0.00716156,0.00032553,0.05316007,0.00241637
2751,WYCO_0923_019_PR_D3_B_C04_XT,9/7/23,NA,3,D3,30-50,4,41.6032,-106.9123,"Carbon County, WY",Site 19,8,Conventional,Site 19_D3,NA,D3_Conventional,NA,NA,NA,NA,NA,NA,NA,NA,NA,NA,NA,NA,NA,NA,NA,NA,NA,NA,NA,NA,NA,NA,-0.189783813,0.102440385,NA,6.703260274,13.07273973,1.093671233,1.209424658,441.44,16.5359726,3.22546978,1177.29647,0.374960778,0.00716156,0.00032553,0.05316007,0.00241637
2753,WYCO_0923_019_PR_D1_B_C05_XT,9/6/23,CGCCGTACTTGC,1,D1,0-15,5,41.6032,-106.9123,"Carbon County, WY",Site 19,8,Conventional,Site 19_D1,3013.888889,D1_Conventional,Loam,12.40881764,42.22044088,45.37074148,57.77955912,5.98,1.234120251,14.1465,9.412583113,4.203651451,1.41534,1.129052916,0.305462454,9.995124846,NA,NA,NA,130,0.195159744,3.853245247,NA,NA,NA,NA,3.934890826,6.703260274,13.07273973,1.093671233,1.209424658,441.44,16.5359726,3.22546978,1177.29647,0.374960778,NA,NA,0.04150493,0.00188659
2754,WYCO_0923_019_PR_D2_B_C05_XT,9/6/23,TAAACCTGGACA,2,D2,15-30,5,41.6032,-106.9123,"Carbon County, WY",Site 19,8,Conventional,Site 19_D2,671.5909091,D2_Conventional,Clay Loam,28.352,33.216,38.432,66.784,6.06,1.18251911,8.56813,6.759369536,1.008571232,0.998626,0.967594172,0.083019815,8.579918808,832,0.146774244,5.550124823,124,0.191654494,3.375095262,-1.143388618,-0.132470538,-0.119599895,0.097068289,1.612294757,6.703260274,13.07273973,1.093671233,1.209424658,441.44,16.5359726,3.22546978,1177.29647,0.374960778,0.00654551,0.00029752,0.00339882,0.00015449
2755,WYCO_0923_019_PR_D3_B_C05_XT,9/6/23,CCAACCCAGATC,3,D3,30-50,5,41.6032,-106.9123,"Carbon County, WY",Site 19,8,Conventional,Site 19_D3,237.7777778,D3_Conventional,Clay Loam,39.23505976,39.79282869,20.97211155,60.20717131,6.61,1.062444531,6.20674,4.78599219,0.541729551,0.786809,0.634247071,0.088755871,7.888496446,NA,NA,NA,70,0.208783618,3.036296941,NA,NA,NA,NA,NA,6.703260274,13.07273973,1.093671233,1.209424658,441.44,16.5359726,3.22546978,1177.29647,0.374960778,NA,NA,0.01068653,0.00048575
2769,WYCO_0923_019_PR_D1_B_C01_XT,9/6/23,TGCGGCGTCAGG,1,D1,0-15,1,41.6032,-106.9123,"Carbon County, WY",Site 19,8,Conventional,Site 19_D1,800,D1_Conventional,Loam,20.416,42.688,36.896,57.312,6.05,1.374780521,7.06148,6.936933773,2.20652781,0.89354,0.922174723,0.183872427,7.902813528,905,0.146149554,6.033381015,123,0.198527337,3.785885212,-0.729783504,-0.995614944,-0.101908338,-0.064875266,0.853154422,6.703260274,13.07273973,1.093671233,1.209424658,441.44,16.5359726,3.22546978,1177.29647,0.374960778,0.00654551,0.00029752,0.04232082,0.00192367
2770,WYCO_0923_019_PR_D2_B_C01_XT,9/6/23,Unknown,2,D2,15-30,1,41.6032,-106.9123,"Carbon County, WY",Site 19,8,Conventional,Site 19_D2,302.0408163,D2_Conventional,Clay,45.824,39.136,15.04,54.176,7.16,NA,7.26124,5.079813011,0.899280637,0.782382,0.63396679,0.056721485,9.28093949,804,0.1479322,5.65231,95,0.203615084,3.437445574,-2.580035274,-1.182466602,0.108776651,0.164668397,0.882982846,6.703260274,13.07273973,1.093671233,1.209424658,441.44,16.5359726,3.22546978,1177.29647,0.374960778,0.0013091,0.0000595,0,0
2771,WYCO_0923_019_PR_D3_B_C01_XT,9/6/23,CAAAGGAGCCCG,3,D3,30-50,1,41.6032,-106.9123,"Carbon County, WY",Site 19,8,Conventional,Site 19_D3,357.9545455,D3_Conventional,Clay,54.22754491,34.33932136,11.43313373,65.66067864,7.25,NA,5.845037917,6.277987917,0.650771971,0.67941,0.474395532,0.040373627,8.603108457,970,0.14484504,6.235308163,131,0.197350872,3.982367955,-3.936299934,-0.157405081,0.205679498,0.192088403,1.220712699,6.703260274,13.07273973,1.093671233,1.209424658,441.44,16.5359726,3.22546978,1177.29647,0.374960778,0.0012321,0.000056,0.00390126,0.00017733